Certification Date,Degree Image,Email,Job Role,Name of Employee,Title
04/09/2020,https://evolenthealth-my.sharepoint.com/personal/rtiwari_evolenthealth_com/Documents/Apps/Microsoft%20Forms/Untitled%20form/Question%201/v4-760px-Get-a-Tourist-Visa-for-Dubai-Step-2-Versi_Rohit%20Tiwari.jpg,rohit1@gmail.com,Senior Software Engineer,Rohit1,Rohit1
04/10/2020,https://evolenthealth-my.sharepoint.com/personal/rtiwari_evolenthealth_com/Documents/Apps/Microsoft%20Forms/Untitled%20form/Question%201/v4-760px-Get-a-Tourist-Visa-for-Dubai-Step-2-Versi_Rohit%20Tiwari.jpg,rohit2@gmail.com,Senior Software Engineer,Rohit2,Rohit2
04/11/2020,https://evolenthealth-my.sharepoint.com/personal/rtiwari_evolenthealth_com/Documents/Apps/Microsoft%20Forms/Untitled%20form/Question%201/v4-760px-Get-a-Tourist-Visa-for-Dubai-Step-2-Versi_Rohit%20Tiwari.jpg,rohit3@gmail.com,Senior Software Engineer,Rohit3,Rohit3
04/12/2020,https://evolenthealth-my.sharepoint.com/personal/rtiwari_evolenthealth_com/Documents/Apps/Microsoft%20Forms/Untitled%20form/Question%201/v4-760px-Get-a-Tourist-Visa-for-Dubai-Step-2-Versi_Rohit%20Tiwari.jpg,rohit4@gmail.com,Senior Software Engineer,Rohit4,Rohit4
