Joining Date,Email,Name,Profile Pic
3/30/2020,PRanade@evolenthealth.com,Prathamesh Ranade,https://drive.google.com/file/d/19SCFi_FlYC3PWx71i9lbt0Apug7Sg9ue/view?usp=sharing
3/30/2020,KParikh@evolenthealth.com,Kadambari Parikh,https://drive.google.com/file/d/19SCFi_FlYC3PWx71i9lbt0Apug7Sg9ue/view?usp=sharing
3/30/2020,KJSingh@evolenthealth.com,Kamaljeet Singh,https://drive.google.com/file/d/19SCFi_FlYC3PWx71i9lbt0Apug7Sg9ue/view?usp=sharing
4/6/2020,SPatil@evolenthealth.com,Satish Patil,https://drive.google.com/file/d/19SCFi_FlYC3PWx71i9lbt0Apug7Sg9ue/view?usp=sharing
4/6/2020,ASatpute@evolenthealth.com,Amol Satpute,https://drive.google.com/file/d/19SCFi_FlYC3PWx71i9lbt0Apug7Sg9ue/view?usp=sharing
4/6/2020,NMehta@evolenthealth.com,Nidhiben Mehta,https://drive.google.com/file/d/19SCFi_FlYC3PWx71i9lbt0Apug7Sg9ue/view?usp=sharing
4/6/2020,SOmanakuttan@evolenthealth.com,Siddharth Omanakuttan,https://drive.google.com/file/d/19SCFi_FlYC3PWx71i9lbt0Apug7Sg9ue/view?usp=sharing
4/6/2020,AKatkoju@evolenthealth.com,Abhinay Katkoju,https://drive.google.com/file/d/19SCFi_FlYC3PWx71i9lbt0Apug7Sg9ue/view?usp=sharing
4/7/2020,JGawde@evolenthealth.com,Jigeesha Gawde,https://drive.google.com/file/d/19SCFi_FlYC3PWx71i9lbt0Apug7Sg9ue/view?usp=sharing
4/7/2020,rsingh@evolenthealth.com,Ranveer Singh,https://drive.google.com/file/d/19SCFi_FlYC3PWx71i9lbt0Apug7Sg9ue/view?usp=sharing
