Joining Date,Email,Name,Profile Pic
3/30/2020,PRanade@evolenthealth.com,Prathamesh Ranade,/sites/default/files/styles/large/public/2020-04/logo.png?itok=QoJOgSMX
3/30/2020,KParikh@evolenthealth.com,Kadambari Parikh,/sites/default/files/styles/large/public/2020-04/logo.png?itok=QoJOgSMX
3/30/2020,KJSingh@evolenthealth.com,Kamaljeet Singh,/sites/default/files/styles/large/public/2020-04/logo.png?itok=QoJOgSMX
4/6/2020,SPatil@evolenthealth.com,Satish Patil,/sites/default/files/styles/large/public/2020-04/logo.png?itok=QoJOgSMX
4/6/2020,ASatpute@evolenthealth.com,Amol Satpute,/sites/default/files/styles/large/public/2020-04/logo.png?itok=QoJOgSMX
4/6/2020,NMehta@evolenthealth.com,Nidhiben Mehta,/sites/default/files/styles/large/public/2020-04/logo.png?itok=QoJOgSMX
4/6/2020,SOmanakuttan@evolenthealth.com,Siddharth Omanakuttan,/sites/default/files/styles/large/public/2020-04/logo.png?itok=QoJOgSMX
4/6/2020,AKatkoju@evolenthealth.com,Abhinay Katkoju,/sites/default/files/styles/large/public/2020-04/logo.png?itok=QoJOgSMX
4/7/2020,JGawde@evolenthealth.com,Jigeesha Gawde,/sites/default/files/styles/large/public/2020-04/logo.png?itok=QoJOgSMX
4/7/2020,rsingh@evolenthealth.com,Ranveer Singh,/sites/default/files/styles/large/public/2020-04/logo.png?itok=QoJOgSMX
